Timestamp,0,1,2,3,4,5,6,7
275865.319315549,0.8747332096099854,0.4384777247905731,0.013977069407701492,0.2475471794605255,0.23292502760887146,0.8292576670646667,0.9531649351119995,0.0649542436003685
275865.332054865,0.9996840357780457,0.11959871649742126,0.6193562746047974,0.2579726278781891,0.3079536557197571,0.41437095403671265,0.683709979057312,0.23795635998249054
275865.343074821,0.717792272567749,0.9310421943664551,0.6124362945556641,0.7218067049980164,0.9106897711753845,0.1527867168188095,0.3494952321052551,0.7512466907501221
275865.354303453,0.5042170882225037,0.30254295468330383,0.10266813635826111,0.7763775587081909,0.47060567140579224,0.1408451497554779,0.4534679651260376,0.7161221504211426
275865.364914107,0.3866381347179413,0.17486391961574554,0.26754602789878845,0.1827513724565506,0.31240659952163696,0.8988500833511353,0.16695822775363922,0.05950232595205307
275865.375202647,0.29860398173332214,0.758134126663208,0.6555595397949219,0.9138741493225098,0.022463912144303322,0.42102280259132385,0.9235817193984985,0.05039350315928459
275865.387049796,0.40544840693473816,0.7319133281707764,0.03006693907082081,0.3774857223033905,0.8238472938537598,0.35730212926864624,0.9734470248222351,0.055989909917116165
275865.399574724,0.9504749774932861,0.7568722367286682,0.48363247513771057,0.29333239793777466,0.6675081253051758,0.9174524545669556,0.6245713829994202,0.2876787781715393
275865.409765881,0.13309533894062042,0.8952904939651489,0.4965163469314575,0.3672225773334503,0.09776821732521057,0.9319176077842712,0.32001444697380066,0.9232602119445801
275865.422225387,0.4947744905948639,0.9099295735359192,0.09388108551502228,0.33758750557899475,0.3047235310077667,0.10569531470537186,0.9428666830062866,0.5499059557914734
275865.432511664,0.4083695113658905,0.2904856503009796,0.9309130907058716,0.8509054183959961,0.7363094091415405,0.6391700506210327,0.014743504114449024,0.1701127588748932
275865.444791404,0.4196411967277527,0.6567472815513611,0.21862320601940155,0.4273242652416229,0.7838103175163269,0.9001015424728394,0.49688035249710083,0.675063967704773
275865.455192612,0.8978538513183594,0.648624837398529,0.9515631198883057,0.060824863612651825,0.27561211585998535,0.38640153408050537,0.4134824275970459,0.4215948283672333
275865.466764986,0.47807902097702026,0.04151778668165207,0.529167890548706,0.3591967523097992,0.8895022869110107,0.03763978183269501,0.9736120104789734,0.8571492433547974
275865.477711801,0.46274155378341675,0.737452507019043,0.16250942647457123,0.015191201120615005,0.07951372861862183,0.9052892923355103,0.14925597608089447,0.3737507164478302
275865.488705118,0.5730645656585693,0.28543543815612793,0.27322524785995483,0.1917937844991684,0.5195659399032593,0.22671473026275635,0.30114296078681946,0.06105351448059082
275865.498891015,0.3323303759098053,0.5308389663696289,0.6940601468086243,0.6682856678962708,0.3980408310890198,0.4531621038913727,0.3971783220767975,0.10983534902334213
275865.511249696,0.8096661567687988,0.8256121873855591,0.1432000696659088,0.3132353723049164,0.3871895968914032,0.7070026993751526,0.5110870003700256,0.10008019953966141
275865.522253155,0.41511642932891846,0.6191169023513794,0.16608212888240814,0.6514487266540527,0.6700795888900757,0.38048359751701355,0.5409989953041077,0.8951818346977234
275865.533322931,0.5401933193206787,0.47187095880508423,0.039379820227622986,0.4166777431964874,0.28738752007484436,0.6524196863174438,0.45943504571914673,0.22075174748897552
275865.54447097,0.1710977703332901,0.8659331202507019,0.8597344756126404,0.26740533113479614,0.9293560981750488,0.679107129573822,0.8237636685371399,0.6465972065925598
275865.556650996,0.9671909213066101,0.5032418966293335,0.8506798148155212,0.3594035804271698,0.8768990635871887,0.8082716464996338,0.7150552272796631,0.054316744208335876
275865.566875198,0.6390098333358765,0.2659183442592621,0.13230429589748383,0.13327398896217346,0.12430374324321747,0.34198543429374695,0.3286846876144409,0.04864223673939705
275865.578157458,0.8917607665061951,0.8667964339256287,0.4909554421901703,0.2833805978298187,0.029938654974102974,0.8345438241958618,0.518467128276825,0.4640519320964813
275865.588392033,0.8006596565246582,0.5025535821914673,0.3722333312034607,0.8794100880622864,0.1889708787202835,0.8476002812385559,0.31353574991226196,0.07993694394826889
275865.600362413,0.16845859587192535,0.9836416840553284,0.4203457534313202,0.041404109448194504,0.01291731558740139,0.8999509215354919,0.47724229097366333,0.6872349381446838
275865.610664547,0.4388136565685272,0.5498985052108765,0.9218614101409912,0.9177488684654236,0.32950568199157715,0.6993891000747681,0.2240549474954605,0.8941254019737244
275865.622114123,0.5232893824577332,0.353975772857666,0.5580418705940247,0.44877177476882935,0.7871084809303284,0.7309647798538208,0.3729879558086395,0.09540052711963654
275865.634520115,0.5587972402572632,0.8063771724700928,0.045016106218099594,0.17148636281490326,0.37402066588401794,0.5497338771820068,0.13860471546649933,0.843758225440979
275865.646489176,0.6772509217262268,0.13123947381973267,0.5112776756286621,0.5981258153915405,0.20055633783340454,0.9166277647018433,0.0040557654574513435,0.5271254181861877
275865.656834411,0.3421439230442047,0.8705917000770569,0.7095078825950623,0.15503965318202972,0.04908439889550209,0.6714717149734497,0.23786994814872742,0.5832343697547913
275865.667472148,0.3814406394958496,0.8953442573547363,0.9933241605758667,0.1333252191543579,0.9595332145690918,0.7258858680725098,0.682658851146698,0.18533848226070404
275865.679009497,0.38880953192710876,0.5838208794593811,0.08516212552785873,0.8683595657348633,0.3963318467140198,0.5070710778236389,0.27856457233428955,0.5703136920928955
275865.691606976,0.9554611444473267,0.7279328107833862,0.47978052496910095,0.629584550857544,0.940357506275177,0.11994171142578125,0.5926193594932556,0.4980314373970032
275865.704273815,0.5705159902572632,0.7416525483131409,0.9920046329498291,0.8879706263542175,0.617188036441803,0.8874467015266418,0.18057215213775635,0.6499485969543457
275865.715083002,0.057230155915021896,0.11192096024751663,0.6113717555999756,0.6723361611366272,0.7617530822753906,0.32933616638183594,0.8442403078079224,0.8766177296638489
275865.726442544,0.049855928868055344,0.2907850444316864,0.9907175898551941,0.3494810461997986,0.362129271030426,0.07837125658988953,0.8733751177787781,0.11625739932060242
275865.738977784,0.4901455044746399,0.8025701642036438,0.11755462735891342,0.15109972655773163,0.4044901132583618,0.6410878896713257,0.09972015768289566,0.26739439368247986
275865.749230613,0.8756378889083862,0.15332043170928955,0.5824046730995178,0.08322510868310928,0.46917176246643066,0.8789931535720825,0.9009261727333069,0.46845850348472595
275865.759905717,0.11655403673648834,0.5146735906600952,0.8516378402709961,0.5515878796577454,0.8691954016685486,0.987981915473938,0.14828495681285858,0.3757472634315491
275865.771740878,0.5700957179069519,0.5153654217720032,0.5696930885314941,0.998276948928833,0.725744903087616,0.08711571991443634,0.4301149845123291,0.9966475367546082
275865.78231618,0.5240334868431091,0.680733323097229,0.8031359910964966,0.4329201877117157,0.836919903755188,0.7492804527282715,0.12775155901908875,0.43148189783096313
275865.793540645,0.06271614134311676,0.5973973274230957,0.7299336791038513,0.4523215591907501,0.5394789576530457,0.8983529210090637,0.05996396020054817,0.47356685996055603
275865.804708225,0.5758564472198486,0.6196885108947754,0.11858569830656052,0.10864364355802536,0.482491672039032,0.23723328113555908,0.24110625684261322,0.18511183559894562
275865.814919405,0.37207522988319397,0.33010125160217285,0.9105772972106934,0.6702600717544556,0.2622202932834625,0.9260027408599854,0.05135473236441612,0.8832685351371765
275865.827256145,0.8096963763237,0.972394585609436,0.9116189479827881,0.39859727025032043,0.1742551177740097,0.20492053031921387,0.09156890958547592,0.6155706644058228
275865.837642281,0.17642951011657715,0.7758353352546692,0.58891361951828,0.363089919090271,0.2589682340621948,0.6338448524475098,0.6476614475250244,0.0952601432800293
275865.847982458,0.5449425578117371,0.6724600195884705,0.5844246745109558,0.1730792075395584,0.11800703406333923,0.5954877734184265,0.9786186218261719,0.37423059344291687
275865.858652687,0.019241400063037872,0.42000317573547363,0.38036566972732544,0.17795692384243011,0.8283440470695496,0.07602349668741226,0.016882140189409256,0.8938866257667542
275865.87133139,0.06416090577840805,0.2661842107772827,0.5748416185379028,0.8801833987236023,0.01628783717751503,0.8170686960220337,0.4578128457069397,0.4590511620044708
275865.881645235,0.9837808012962341,0.8661417961120605,0.33180370926856995,0.6791619658470154,0.9604394435882568,0.5266488790512085,0.8594555258750916,0.047904741019010544
275865.891858988,0.6600636839866638,0.23764321208000183,0.25163063406944275,0.21772167086601257,0.3163476288318634,0.8555753231048584,0.03413688763976097,0.37641313672065735
275865.903027571,0.3111817538738251,0.7095733284950256,0.7684571743011475,0.22575481235980988,0.10587289184331894,0.8468695878982544,0.8984513878822327,0.9351674914360046
275865.913977642,0.4095786511898041,0.7291737794876099,0.5148108601570129,0.09098690748214722,0.8788202404975891,0.7792395949363708,0.6756910681724548,0.8251597881317139
275865.924852885,0.0253654345870018,0.9685457944869995,0.5812679529190063,0.2074657827615738,0.6073934435844421,0.5200293064117432,0.4863036870956421,0.9385911822319031
275865.935271204,0.5409749746322632,0.10886290669441223,0.9104167819023132,0.3668332099914551,0.7039423584938049,0.5071893930435181,0.7672309279441833,0.799331784248352
275865.947891194,0.23854941129684448,0.719481885433197,0.9377636313438416,0.795794665813446,0.4582899808883667,0.8247141242027283,0.4876311421394348,0.39012446999549866
275865.958213689,0.8398492336273193,0.22588586807250977,0.9780875444412231,0.3140174150466919,0.4648491144180298,0.11559024453163147,0.25037381052970886,0.19500787556171417
275865.969882486,0.8058525919914246,0.14983311295509338,0.8584316372871399,0.9489683508872986,0.43095913529396057,0.9151884317398071,0.8832504153251648,0.8421075344085693
275865.980161094,0.16084814071655273,0.9968163967132568,0.3898855447769165,0.3333881199359894,0.8252813816070557,0.6159246563911438,0.2728458642959595,0.4690784811973572
275865.992944579,0.17555713653564453,0.43695133924484253,0.1958754062652588,0.6300038695335388,0.11059478670358658,0.21053636074066162,0.36451753973960876,0.13997644186019897
275866.005180651,0.39903658628463745,0.1708483099937439,0.38027408719062805,0.07220198959112167,0.9138516187667847,0.4631451368331909,0.013250225223600864,0.15127931535243988
275866.01609053,0.6402122974395752,0.1480473130941391,0.6276336908340454,0.714870035648346,0.9080352187156677,0.26439133286476135,0.9049078822135925,0.9704070091247559
275866.026365636,0.7577208876609802,0.13292106986045837,0.7939141988754272,0.3401225209236145,0.6982229351997375,0.9528852105140686,0.5442771315574646,0.15364889800548553
275866.036594816,0.3137689232826233,0.38078880310058594,0.5843847393989563,0.30319851636886597,0.724141538143158,0.8579603433609009,0.4013867974281311,0.010991289280354977
275866.04706485,0.4887309968471527,0.325490802526474,0.8979259729385376,0.36602622270584106,0.8555497527122498,0.007725044619292021,0.45883673429489136,0.6525382399559021
275866.059635232,0.16941814124584198,0.7747812271118164,0.9262913465499878,0.21946203708648682,0.24390284717082977,0.8820861577987671,0.23539748787879944,0.2628743648529053
275866.072092586,0.12215673923492432,0.42743751406669617,0.9632356762886047,0.13206082582473755,0.6125615239143372,0.9089087843894958,0.9673548936843872,0.7714036703109741
275866.083889211,0.13417215645313263,0.8914687633514404,0.3654336631298065,0.021547917276620865,0.34708699584007263,0.9759684801101685,0.976142942905426,0.30660077929496765
275866.094274847,0.45805177092552185,0.9068971276283264,0.9926275610923767,0.07375468313694,0.974773645401001,0.3845011293888092,0.546598494052887,0.1975744217634201
275866.106270727,0.9694523811340332,0.862919807434082,0.37252727150917053,0.493063747882843,0.8578183054924011,0.5042858719825745,0.03482834994792938,0.6870894432067871
275866.117002624,0.7404615879058838,0.944927453994751,0.4773205518722534,0.8088454604148865,0.8854199051856995,0.48718857765197754,0.9768372178077698,0.06702170521020889
275866.127219053,0.13934677839279175,0.7972052097320557,0.9819754958152771,0.22936151921749115,0.7549156546592712,0.43568888306617737,0.14080427587032318,0.6199116110801697
275866.139284166,0.19144704937934875,0.03900089114904404,0.7581523060798645,0.3729342520236969,0.7667103409767151,0.005760400090366602,0.9873679280281067,0.4085862934589386
275866.150195935,0.24523557722568512,0.311868816614151,0.4723604917526245,0.32051968574523926,0.08080288022756577,0.6707599759101868,0.5757474303245544,0.7394313216209412
275866.160571291,0.7330963611602783,0.6654280424118042,0.8144505620002747,0.4996584355831146,0.7034619450569153,0.17246277630329132,0.28207817673683167,0.18843181431293488
275866.172388072,0.5983487963676453,0.28761300444602966,0.7342807650566101,0.9612392783164978,0.15016593039035797,0.6559960246086121,0.5231906175613403,0.3551536202430725
275866.183465576,0.1530219167470932,0.3247504234313965,0.7186135649681091,0.1317463517189026,0.6337117552757263,0.0937061682343483,0.9770431518554688,0.36988168954849243
275866.194118349,0.5963039994239807,0.4436977803707123,0.6419987678527832,0.5160436034202576,0.37245309352874756,0.9187662601470947,0.7639153003692627,0.3971088230609894
275866.205783356,0.24678966403007507,0.8436372876167297,0.6797081232070923,0.7037227153778076,0.23364175856113434,0.7189064621925354,0.9147957563400269,0.4924722909927368
275866.217197668,0.5288287997245789,0.8342130780220032,0.751055121421814,0.036554403603076935,0.4946776330471039,0.7457154989242554,0.09216130524873734,0.9464505910873413
275866.22741349,0.5449357628822327,0.901098370552063,0.0824768915772438,0.14673694968223572,0.588015079498291,0.6758755445480347,0.22174224257469177,0.22445055842399597
275866.23905616,0.7831311225891113,0.27460217475891113,0.5971574187278748,0.18530219793319702,0.1629522442817688,0.7083359360694885,0.913809597492218,0.40597641468048096
275866.250181847,0.6555057764053345,0.2409646213054657,0.3977051079273224,0.7317441701889038,0.7805789113044739,0.7291168570518494,0.05915039777755737,0.5254902839660645
275866.260558136,0.3650307357311249,0.6765550374984741,0.13202841579914093,0.17555497586727142,0.85609370470047,0.9650331735610962,0.7840071320533752,0.8379986882209778
275866.272691294,0.8404653072357178,0.8269046545028687,0.005647087935358286,0.23155705630779266,0.7112821936607361,0.6502610445022583,0.23871898651123047,0.6808052659034729
275866.283169016,0.7422121167182922,0.03408461809158325,0.4527333676815033,0.35801294445991516,0.24945399165153503,0.4693118631839752,0.25672632455825806,0.6975600719451904
275866.293822215,0.9866008162498474,0.772424578666687,0.09367210417985916,0.34871384501457214,0.6898761987686157,0.26313334703445435,0.7625304460525513,0.029784969985485077
275866.305359828,0.016022522002458572,0.04373546317219734,0.1300770491361618,0.9321792125701904,0.8105483055114746,0.8055313229560852,0.04497907683253288,0.5049129128456116
275866.317062391,0.5300668478012085,0.563458263874054,0.5246483087539673,0.3980240523815155,0.2689965069293976,0.9760001301765442,0.6412928104400635,0.5581331253051758
275866.327258333,0.5732886791229248,0.4661933481693268,0.3226574957370758,0.9376797676086426,0.1744217574596405,0.5615255832672119,0.582826554775238,0.2592250406742096
275866.339523211,0.8552735447883606,0.10247866064310074,0.15641245245933533,0.02011195756494999,0.33754944801330566,0.1671898066997528,0.3565191328525543,0.9464709162712097
275866.351264197,0.24897874891757965,0.04016231372952461,0.36288055777549744,0.4055541753768921,0.5244483947753906,0.9177518486976624,0.6427656412124634,0.7370456457138062
275866.36237895,0.6792685985565186,0.2884499728679657,0.444939523935318,0.05851268768310547,0.6132054924964905,0.8463634848594666,0.17960332334041595,0.7029681205749512
275866.374786969,0.738866925239563,0.08657394349575043,0.001331085804849863,0.9190378785133362,0.682060956954956,0.010299792513251305,0.23735769093036652,0.48524847626686096
275866.385288555,0.33325615525245667,0.39128097891807556,0.9134331345558167,0.2450907826423645,0.38628828525543213,0.24612563848495483,0.9601172804832458,0.388651579618454
275866.395371813,0.9864261150360107,0.6147974133491516,0.5525304675102234,0.28351008892059326,0.25004082918167114,0.15173989534378052,0.6627156734466553,0.6338744163513184
275866.405632084,0.764445960521698,0.3846452236175537,0.9922388195991516,0.06983110308647156,0.29919376969337463,0.4742976725101471,0.3295678198337555,0.9739088416099548
275866.416748827,0.16593657433986664,0.5925757884979248,0.8562009930610657,0.9379891753196716,0.35091590881347656,0.5830585360527039,0.8835694193840027,0.2043554037809372
275866.427514804,0.49272972345352173,0.3337802290916443,0.7170788049697876,0.7343172430992126,0.8302257061004639,0.6503905057907104,0.9482503533363342,0.6665303707122803
275866.439464552,0.3130023777484894,0.017846202477812767,0.17782370746135712,0.07967691868543625,0.3819505572319031,0.5376221537590027,0.026425745338201523,0.9531236290931702
275866.449685918,0.10941755771636963,0.8078128099441528,0.5413853526115417,0.947838544845581,0.20949587225914001,0.45355483889579773,0.7704576849937439,0.8766350150108337
275866.460544756,0.8158676028251648,0.2597602903842926,0.49780037999153137,0.7908918857574463,0.9660161733627319,0.2189856618642807,0.9473916292190552,0.4284125864505768
275866.472344586,0.3783521354198456,0.618360161781311,0.2753702998161316,0.5991294384002686,0.9628629684448242,0.1447412669658661,0.5811197757720947,0.2971290349960327
275866.48272772,0.3521997332572937,0.7602153420448303,0.2526305913925171,0.6730366945266724,0.33908942341804504,0.19411209225654602,0.5645793676376343,0.49239760637283325
275866.492969408,0.9306619763374329,0.2351546436548233,0.17759661376476288,0.4871879518032074,0.5253605842590332,0.4752792418003082,0.6458605527877808,0.25765347480773926
275866.504297545,0.8973181843757629,0.5364409685134888,0.4122221767902374,0.7146880626678467,0.5337421894073486,0.9547650218009949,0.881802499294281,0.2542128264904022
275866.514502505,0.18626929819583893,0.9484742283821106,0.21688582003116608,0.5850945115089417,0.04196057841181755,0.7518143057823181,0.5466593503952026,0.7959434986114502
275866.524802484,0.6002556681632996,0.06157633662223816,0.9298387765884399,0.6650230884552002,0.15421953797340393,0.1598179191350937,0.5743021368980408,0.6825527548789978
275866.535515225,0.7085825204849243,0.5143470764160156,0.6313315033912659,0.9890415072441101,0.48851636052131653,0.6320372819900513,0.7677327990531921,0.5978567004203796
275866.546620219,0.39526432752609253,0.1292584240436554,0.5641980171203613,0.7295308113098145,0.30757537484169006,0.7498590350151062,0.6002771258354187,0.8106856346130371
275866.558267595,0.7061725854873657,0.7165002822875977,0.05238444730639458,0.2663806974887848,0.6055924892425537,0.9608818292617798,0.041694801300764084,0.5366482138633728
275866.569928846,0.002463362878188491,0.7455635666847229,0.8339354991912842,0.5536469221115112,0.7738000750541687,0.4948688745498657,0.18934863805770874,0.9278532862663269
275866.582505945,0.6054274439811707,0.9955611228942871,0.3600447177886963,0.34344109892845154,0.2524062395095825,0.5314406752586365,0.7254859209060669,0.5159844160079956
275866.595082273,0.6972179412841797,0.8483496904373169,0.08374559879302979,0.44069695472717285,0.8327092528343201,0.2130761444568634,0.7563020586967468,0.8147404193878174
275866.605796257,0.12539708614349365,0.8367177844047546,0.8790411353111267,0.5082509517669678,0.6466262340545654,0.5518232583999634,0.9461305737495422,0.6505289077758789
275866.615984711,0.7204707264900208,0.47853514552116394,0.7634406685829163,0.6673601269721985,0.1322914958000183,0.5004174709320068,0.7525667548179626,0.47076791524887085
275866.628599066,0.034481633454561234,0.6232184171676636,0.9513867497444153,0.6089949607849121,0.2707325518131256,0.6593447327613831,0.13169120252132416,0.7475921511650085
275866.640145262,0.6843806505203247,0.15095777809619904,0.9895213842391968,0.45144525170326233,0.4515364170074463,0.31038224697113037,0.6542601585388184,0.49622228741645813
275866.650453241,0.8975875377655029,0.24471239745616913,0.14174537360668182,0.9862364530563354,0.22963325679302216,0.8286781907081604,0.6855704188346863,0.20219303667545319
275866.662358509,0.9289485216140747,0.12798255681991577,0.336346834897995,0.8488843441009521,0.32736361026763916,0.865839958190918,0.19929678738117218,0.8686186671257019
275866.67256368,0.30220848321914673,0.6509699821472168,0.6888900399208069,0.041288141161203384,0.36058858036994934,0.1045924499630928,0.3935192823410034,0.9488616585731506
275866.682674306,0.5957518219947815,0.8948230743408203,0.002674305345863104,0.5627822875976562,0.18945029377937317,0.2823221683502197,0.7474020719528198,0.2770407497882843
275866.692833611,0.20680122077465057,0.4799540340900421,0.43479105830192566,0.6895676851272583,0.7413472533226013,0.1667625606060028,0.7494577169418335,0.12462790310382843
275866.70458218,0.42873936891555786,0.6259976625442505,0.22905336320400238,0.2709300220012665,0.89021235704422,0.6724042892456055,0.09039954096078873,0.45426100492477417
275866.715846619,0.15755000710487366,0.032840654253959656,0.08329472690820694,0.8721515536308289,0.6967524886131287,0.5500777959823608,0.6863745450973511,0.5817582011222839
275866.726288889,0.0030183850321918726,0.6285330057144165,0.626349151134491,0.9902106523513794,0.011012135073542595,0.5615653991699219,0.5228496193885803,0.20715589821338654
275866.737933839,0.49556782841682434,0.7272062301635742,0.6117896437644958,0.36640650033950806,0.37025243043899536,0.564954936504364,0.7761873602867126,0.7897287607192993
275866.748173295,0.5932522416114807,0.8755998611450195,0.5604227185249329,0.8909277319908142,0.10852596908807755,0.22776958346366882,0.8060687780380249,0.7182475328445435
275866.759506812,0.08121048659086227,0.10237712413072586,0.04128120839595795,0.577989935874939,0.6508667469024658,0.8869394659996033,0.27665388584136963,0.16628222167491913
275866.771303858,0.001693731639534235,0.10452572256326675,0.3599054515361786,0.8497417569160461,0.46084555983543396,0.6195572018623352,0.43518874049186707,0.09429443627595901
275866.7824361,0.28542524576187134,0.4848034679889679,0.023759758099913597,0.19099748134613037,0.9583601951599121,0.5933919548988342,0.4292389452457428,0.8173475861549377
275866.792566279,0.15678010880947113,0.44388696551322937,0.7156834006309509,0.4441952109336853,0.10551352798938751,0.5155694484710693,0.5226306319236755,0.05005403608083725
275866.804359087,0.2335757613182068,0.8730669021606445,0.6806688904762268,0.797389566898346,0.9988813400268555,0.7159320116043091,0.5422808527946472,0.49877968430519104
275866.816004985,0.33843761682510376,0.32387152314186096,0.6157948970794678,0.8790237307548523,0.730353832244873,0.40656253695487976,0.33275964856147766,0.2503165304660797
275866.826141838,0.20159482955932617,0.8194258809089661,0.6346187591552734,0.3046650290489197,0.1018257662653923,0.06455789506435394,0.5692077279090881,0.7449390888214111
275866.837856517,0.480835884809494,0.7691241502761841,0.49692046642303467,0.4364110827445984,0.40580540895462036,0.7794044613838196,0.412480890750885,0.6677483320236206
275866.8488061,0.9575257301330566,0.4371407628059387,0.29097458720207214,0.32534757256507874,0.8015413284301758,0.35947516560554504,0.5116713047027588,0.36162078380584717
275866.860468611,0.7973659634590149,0.8197917342185974,0.37108924984931946,0.5981998443603516,0.7111709117889404,0.7726226449012756,0.40913331508636475,0.12527239322662354
275866.87134145,0.4215866029262543,0.768172562122345,0.48598942160606384,0.18875542283058167,0.7975651025772095,0.317265123128891,0.2672809362411499,0.4237023591995239
275866.881734976,0.8389759063720703,0.9833307862281799,0.8980328440666199,0.03911726549267769,0.8819741010665894,0.9494171142578125,0.0586223378777504,0.4641314744949341
275866.892465082,0.5604286789894104,0.6372015476226807,0.2973935306072235,0.2900818884372711,0.8549843430519104,0.13068810105323792,0.8177201747894287,0.04701439291238785
275866.904294189,0.6275100708007812,0.20658263564109802,0.14546538889408112,0.2613953948020935,0.32158032059669495,0.7331606149673462,0.7863031029701233,0.6725149750709534
275866.91630185,0.7937513589859009,0.43859779834747314,0.7801929116249084,0.5567426681518555,0.7480544447898865,0.4162215292453766,0.7919777631759644,0.6908488273620605
275866.926704801,0.811646044254303,0.7652292847633362,0.7276524305343628,0.6612830758094788,0.8450527191162109,0.9754958152770996,0.3040213882923126,0.9761472344398499
275866.939220749,0.8060978651046753,0.28714993596076965,0.21703100204467773,0.4902181923389435,0.0036127115599811077,0.4633120894432068,0.747286319732666,0.27271145582199097
275866.950032286,0.7254259586334229,0.3142555058002472,0.9987704157829285,0.1402946412563324,0.14445003867149353,0.5248058438301086,0.18472637236118317,0.1244889572262764
275866.960816671,0.12354245036840439,0.7312049865722656,0.7548205852508545,0.22908444702625275,0.35736939311027527,0.1712740659713745,0.598773717880249,0.00895609986037016
275866.972248203,0.44060513377189636,0.9616774320602417,0.24468109011650085,0.7673365473747253,0.4910205900669098,0.5415240526199341,0.33679690957069397,0.16026625037193298
275866.984096283,0.03493877872824669,0.5726472735404968,0.39455386996269226,0.8042377829551697,0.4057021737098694,0.31655433773994446,0.3385791480541229,0.739252507686615
275866.995330878,0.5907299518585205,0.7326999306678772,0.7304888367652893,0.4200633764266968,0.0899478867650032,0.3152371048927307,0.6389527916908264,0.36763277649879456
275867.005433523,0.753290057182312,0.681986391544342,0.6431074738502502,0.45543497800827026,0.4333522915840149,0.6586852073669434,0.2108646184206009,0.014826372265815735
275867.017295721,0.687560498714447,0.7892473340034485,0.4443007707595825,0.7384408116340637,0.16993170976638794,0.9490401744842529,0.9891251921653748,0.7970678806304932
275867.028440306,0.75063556432724,0.04439210146665573,0.31876465678215027,0.608460009098053,0.9621043801307678,0.367702841758728,0.22928451001644135,0.9898661375045776
275867.0397687,0.10484880208969116,0.5794029235839844,0.04160315543413162,0.381222665309906,0.24612656235694885,0.1399303823709488,0.41777607798576355,0.18595340847969055
275867.050049519,0.9840289950370789,0.8814643621444702,0.3924252390861511,0.650860071182251,0.43775227665901184,0.5622313618659973,0.9011508822441101,0.9741309881210327
275867.061836145,0.6094799637794495,0.9104679822921753,0.7935513257980347,0.585853099822998,0.6907557249069214,0.925733745098114,0.7826520800590515,0.5900202989578247
275867.072467643,0.9506730437278748,0.012506837956607342,0.06756477057933807,0.12324590235948563,0.030566291883587837,0.4957723021507263,0.8523231744766235,0.9912826418876648
275867.083355285,0.18448901176452637,0.3964548110961914,0.3984796106815338,0.6512546539306641,0.6584718227386475,0.6134127974510193,0.6825268864631653,0.21667495369911194
275867.094137653,0.9627344012260437,0.9540393948554993,0.05347864702343941,0.6225510239601135,0.8977493047714233,0.1791926920413971,0.05527559667825699,0.06877118349075317
275867.105359631,0.565075695514679,0.09881242364645004,0.7053148150444031,0.5099881887435913,0.47953248023986816,0.5059757232666016,0.9571290016174316,0.7875033020973206
275867.117216567,0.4960519075393677,0.6593937873840332,0.32937565445899963,0.9970811009407043,0.7706225514411926,0.13708312809467316,0.5789912939071655,0.14074170589447021
275867.128009916,0.7773428559303284,0.1036364883184433,0.9913349747657776,0.455142617225647,0.7843223810195923,0.2709071636199951,0.6594606041908264,0.015773529186844826
275867.139545388,0.23974110186100006,0.2501212954521179,0.23873858153820038,0.3596779704093933,0.09929151833057404,0.03361394256353378,0.6168846487998962,0.8086020946502686
275867.149733721,0.1540174037218094,0.8913434743881226,0.9262185096740723,0.13963063061237335,0.7069956660270691,0.6548041701316833,0.3821902573108673,0.3668844997882843
275867.160079105,0.10058273375034332,0.16871561110019684,0.49753764271736145,0.982472836971283,0.8458320498466492,0.8083822131156921,0.5192747116088867,0.45577189326286316
275867.171003799,0.6278248429298401,0.10924416780471802,0.08048911392688751,0.3363168239593506,0.28148266673088074,0.2835941016674042,0.8186246752738953,0.22158659994602203
275867.181109307,0.1318368911743164,0.7778372168540955,0.19339339435100555,0.28179794549942017,0.5896827578544617,0.07484254240989685,0.8618521094322205,0.38426727056503296
275867.191480678,0.504000723361969,0.6581156849861145,0.6050461530685425,0.008150058798491955,0.8877769112586975,0.15209606289863586,0.9510731101036072,0.6634882688522339
275867.202325555,0.42664578557014465,0.49292364716529846,0.08325233310461044,0.6077988147735596,0.8150003552436829,0.3093114197254181,0.044432733207941055,0.7475108504295349
275867.212511554,0.272736519575119,0.31057485938072205,0.04051440581679344,0.8350522518157959,0.46939370036125183,0.31415778398513794,0.9131001234054565,0.35348814725875854
275867.224667783,0.468447744846344,0.025118831545114517,0.38468894362449646,0.6712929606437683,0.10388503223657608,0.49509158730506897,0.4832252860069275,0.7520854473114014
275867.237352282,0.8758834600448608,0.8883417844772339,0.12153702974319458,0.5167388916015625,0.2401525229215622,0.17817431688308716,0.3709125816822052,0.9609587788581848
275867.24841435,0.2762540280818939,0.8320084810256958,0.4145004451274872,0.3043626546859741,0.06789349019527435,0.8212384581565857,0.11583387106657028,0.9947687387466431
275867.258557541,0.5053403973579407,0.4772716164588928,0.4997054934501648,0.07764507085084915,0.3125917315483093,0.06419695168733597,0.7702828645706177,0.9476735591888428
275867.268776228,0.14167192578315735,0.9924814701080322,0.879477322101593,0.03187241777777672,0.865459680557251,0.8279773592948914,0.38292714953422546,0.10798932611942291
275867.278974203,0.38787567615509033,0.8964579701423645,0.79161536693573,0.8194226622581482,0.2282453030347824,0.31147485971450806,0.07826825976371765,0.39257287979125977
275867.289310746,0.2685319781303406,0.6682922840118408,0.36030465364456177,0.4265342056751251,0.4048427641391754,0.8068840503692627,0.431557297706604,0.0967092216014862
275867.299607112,0.37036243081092834,0.005663289222866297,0.7789727449417114,0.8050994277000427,0.9591601490974426,0.6666126847267151,0.8815851807594299,0.32153162360191345
275867.309708689,0.7084687352180481,0.913302481174469,0.44674018025398254,0.2434362918138504,0.13849705457687378,0.8515182733535767,0.8219161033630371,0.24538925290107727
275867.321735919,0.6529381275177002,0.5265501141548157,0.8466489911079407,0.4589026868343353,0.6505668759346008,0.5781988501548767,0.027565136551856995,0.283608078956604
275867.332159773,0.46369969844818115,0.3520212471485138,0.7872142195701599,0.7015518546104431,0.12727278470993042,0.8647488951683044,0.8014105558395386,0.45382583141326904
275867.342894638,0.775867223739624,0.7425554990768433,0.07150259613990784,0.5044301152229309,0.6107864379882812,0.5067818760871887,0.3641834855079651,0.11081330478191376
275867.355181202,0.608162522315979,0.513982355594635,0.8633007407188416,0.5843179225921631,0.5936053991317749,0.9125838875770569,0.8546057939529419,0.4424802362918854
275867.365321999,0.7408405542373657,0.6422212719917297,0.026487451046705246,0.32852715253829956,0.0996299684047699,0.9774982929229736,0.4103219509124756,0.8016778230667114
275867.375886835,0.9151032567024231,0.6124436855316162,0.6416498422622681,0.38376736640930176,0.7698206901550293,0.2957158386707306,0.08590894937515259,0.5986910462379456
275867.388165442,0.5387124419212341,0.4293403923511505,0.9333662390708923,0.038186922669410706,0.019674906507134438,0.12105663120746613,0.39512860774993896,0.9073129296302795
275867.398722141,0.24471628665924072,0.21805688738822937,0.8724289536476135,0.8897375464439392,0.8975937962532043,0.4459124207496643,0.17758877575397491,0.8735150098800659
275867.410903421,0.6400022506713867,0.5968571305274963,0.9763318300247192,0.6224297881126404,0.9653632044792175,0.23290038108825684,0.7314241528511047,0.19054192304611206
275867.421150711,0.3003312647342682,0.37492817640304565,0.619627058506012,0.4359058439731598,0.6251913905143738,0.9229347705841064,0.32253122329711914,0.43205100297927856
275867.433224911,0.2211523950099945,0.4632432162761688,0.4168640077114105,0.1807895004749298,0.009846333414316177,0.30216285586357117,0.28288066387176514,0.7926414608955383
275867.444554517,0.7769750952720642,0.3544418513774872,0.262372225522995,0.06602485477924347,0.5661409497261047,0.3624523878097534,0.4788013994693756,0.5123443603515625
275867.455767306,0.27790001034736633,0.625960111618042,0.38347333669662476,0.8424496054649353,0.19628897309303284,0.7401311993598938,0.7068187594413757,0.024624131619930267
275867.466371038,0.37815582752227783,0.026521073654294014,0.12174676358699799,0.7926813364028931,0.6707386374473572,0.3187462091445923,0.6170964241027832,0.5970078706741333
275867.478651214,0.061623699963092804,0.45030149817466736,0.47907572984695435,0.9518525004386902,0.6421069502830505,0.9771286249160767,0.6624287962913513,0.2806549668312073
275867.490049277,0.13628390431404114,0.7420684695243835,0.5331161022186279,0.26035937666893005,0.036187794059515,0.6114829182624817,0.10532958805561066,0.1752813458442688
275867.500400308,0.3476937413215637,0.027987176552414894,0.4059927761554718,0.4253957271575928,0.20220036804676056,0.6843867897987366,0.6260863542556763,0.7886353731155396
275867.510723841,0.4238744378089905,0.32921573519706726,0.9051581621170044,0.880364179611206,0.45899468660354614,0.7991721630096436,0.08824838697910309,0.7079885005950928
275867.521872967,0.30591708421707153,0.7124388217926025,0.5263710618019104,0.22821079194545746,0.08332669734954834,0.126848503947258,0.5772439241409302,0.045461270958185196
275867.533388571,0.7375023365020752,0.766169011592865,0.21391724050045013,0.7569599747657776,0.14315439760684967,0.3291894197463989,0.7486910820007324,0.515828549861908
275867.543781295,0.41621580719947815,0.8961275219917297,0.9271830916404724,0.17966726422309875,0.6205865144729614,0.3391796946525574,0.7205299735069275,0.6501882076263428
275867.554309845,0.052338264882564545,0.5867099165916443,0.8551118969917297,0.2460663914680481,0.05457362160086632,0.636547863483429,0.18578441441059113,0.11288930475711823
275867.565167854,0.8331558108329773,0.6963489651679993,0.44470828771591187,0.3069678843021393,0.818366289138794,0.5795369148254395,0.8580206632614136,0.7802389860153198
275867.575650687,0.9653741717338562,0.4112638831138611,0.24581949412822723,0.2193419486284256,0.012436731718480587,0.12791216373443604,0.6897569298744202,0.41722938418388367
275867.58590674,0.4148378074169159,0.15924076735973358,0.8761983513832092,0.3374670743942261,0.5583134293556213,0.6902279257774353,0.7641481161117554,0.12567360699176788
275867.596113991,0.9068296551704407,0.26622316241264343,0.7465929388999939,0.966172993183136,0.6450774669647217,0.07975254952907562,0.48910462856292725,0.3011493384838104
275867.608020331,0.4330180883407593,0.5050941109657288,0.17378704249858856,0.06356563419103622,0.6623576283454895,0.8418946862220764,0.12876184284687042,0.22938819229602814
275867.619435391,0.5726804137229919,0.7535149455070496,0.6421661376953125,0.7831417322158813,0.8185299634933472,0.4214504659175873,0.6153557896614075,0.3172280788421631
275867.629722835,0.7382012009620667,0.3626110553741455,0.4779958426952362,0.13519100844860077,0.9797626733779907,0.24387942254543304,0.47471004724502563,0.3064972758293152
275867.640836215,0.20846781134605408,0.1885572373867035,0.3438034951686859,0.7070563435554504,0.6535037755966187,0.9891965985298157,0.6478197574615479,0.6377471089363098
275867.651864289,0.4920179843902588,0.09230805933475494,0.6370723843574524,0.17201073467731476,0.7028629779815674,0.6760570406913757,0.8469786047935486,0.6483291387557983
275867.663414428,0.01850896142423153,0.7936249375343323,0.24345703423023224,0.6278334856033325,0.2671619951725006,0.9413297176361084,0.5035629272460938,0.335388720035553
275867.674142023,0.9128615260124207,0.9245186448097229,0.08101050555706024,0.002572640310972929,0.17392586171627045,0.28367698192596436,0.7131505608558655,0.8460889458656311
275867.686804487,0.4110153317451477,0.6545218229293823,0.4477632939815521,0.054771751165390015,0.4972306787967682,0.5467007160186768,0.364617258310318,0.22889019548892975
275867.697239085,0.05607372894883156,0.28166788816452026,0.8022070527076721,0.5559908151626587,0.2543201148509979,0.6667031645774841,0.7362456917762756,0.6631478667259216
275867.707554484,0.3071489632129669,0.6289687752723694,0.6216330528259277,0.1745384782552719,0.3226608335971832,0.6383892297744751,0.961139976978302,0.7854756712913513
275867.717760176,0.3656713366508484,0.6589606404304504,0.43112918734550476,0.46056488156318665,0.401655375957489,0.7321667075157166,0.010598352178931236,0.12361885607242584
275867.727981891,0.934526264667511,0.6340748071670532,0.7306771278381348,0.4548507630825043,0.055017389357089996,0.23186002671718597,0.09590724855661392,0.5520484447479248
275867.738882896,0.9385353326797485,0.681507408618927,0.8489145040512085,0.6206322312355042,0.26047661900520325,0.5965467095375061,0.7175140976905823,0.13284066319465637
275867.750765216,0.5024121403694153,0.9181413054466248,0.3929181694984436,0.07337065786123276,0.004261781461536884,0.8786569833755493,0.41934293508529663,0.5586929321289062
275867.763355597,0.09602750092744827,0.2302156537771225,0.6310284733772278,0.2263289839029312,0.34056952595710754,0.8180922865867615,0.6994971036911011,0.18659813702106476
275867.775468212,0.2742495536804199,0.05876729264855385,0.028399808332324028,0.5668362379074097,0.5907463431358337,0.21814483404159546,0.12654295563697815,0.6775599718093872
275867.787995037,0.6399174928665161,0.8133143186569214,0.6172903776168823,0.5922122001647949,0.4732237458229065,0.41555601358413696,0.6774393320083618,0.1276504546403885
275867.798338679,0.6574118137359619,0.20638462901115417,0.7294771671295166,0.49980008602142334,0.08052381873130798,0.8417475819587708,0.6806122660636902,0.873509407043457
275867.808991776,0.9413020610809326,0.1511256992816925,0.21717411279678345,0.33854860067367554,0.8209635019302368,0.9042210578918457,0.46932777762413025,0.24203306436538696
275867.821298595,0.4456792175769806,0.13097667694091797,0.6891900300979614,0.13317017257213593,0.642375648021698,0.5937483906745911,0.833936870098114,0.8909842371940613
275867.833157379,0.927472710609436,0.4789223372936249,0.3212831914424896,0.11194519698619843,0.18455646932125092,0.03462850674986839,0.22996562719345093,0.6617988348007202
275867.844180228,0.923012912273407,0.9035928845405579,0.4526008069515228,0.16726812720298767,0.7525686621665955,0.6233319044113159,0.62082439661026,0.6256393790245056
275867.854391648,0.7935857176780701,0.31352338194847107,0.1375686377286911,0.8377742171287537,0.03686850890517235,0.7083519697189331,0.2333059459924698,0.9691684246063232
275867.866196456,0.042424190789461136,0.6743473410606384,0.17556393146514893,0.09759919345378876,0.5025655627250671,0.910488486289978,0.1708107739686966,0.23886747658252716
275867.877417398,0.9534613490104675,0.04577625170350075,0.06908848881721497,0.9787374138832092,0.4859277307987213,0.5330278873443604,0.35338008403778076,0.3887472450733185
275867.889197861,0.28184089064598083,0.013457994908094406,0.030098525807261467,0.04201444983482361,0.2098791003227234,0.0545734241604805,0.7918708920478821,0.6176513433456421
275867.899312531,0.4302663803100586,0.06529882550239563,0.14863921701908112,0.7104445695877075,0.21142743527889252,0.817746102809906,0.5697542428970337,0.19256725907325745
275867.909952082,0.7880018353462219,0.4910655915737152,0.18616138398647308,0.8074770569801331,0.8044822812080383,0.2922919690608978,0.7894117832183838,0.5394126176834106
275867.922279918,0.15976634621620178,0.6445438265800476,0.22884458303451538,0.6070699691772461,0.9646682739257812,0.1688450127840042,0.2195269614458084,0.2624776065349579
275867.933583928,0.7927519083023071,0.296077698469162,0.8947716951370239,0.5022719502449036,0.24571624398231506,0.930499792098999,0.8633013963699341,0.8333033919334412
275867.946095618,0.7986124753952026,0.3208639919757843,0.23533962666988373,0.19906634092330933,0.8302277326583862,0.6931309700012207,0.3475608229637146,0.4573860168457031
275867.958343361,0.08421506732702255,0.871792733669281,0.7573793530464172,0.9478222727775574,0.03320669010281563,0.6326872110366821,0.7798365950584412,0.6814460754394531
275867.968539024,0.6756638884544373,0.4669463038444519,0.18751735985279083,0.0032059336081147194,0.45665696263313293,0.4134349822998047,0.19473038613796234,0.16867440938949585
275867.979783594,0.10028039664030075,0.6663122773170471,0.5315146446228027,0.41847437620162964,0.9474102854728699,0.27345433831214905,0.21488098800182343,0.9230984449386597
275867.991940307,0.9741865992546082,0.47088906168937683,0.06793330609798431,0.4872266948223114,0.6206713318824768,0.32632145285606384,0.5993963479995728,0.677527904510498
275868.002171114,0.13345152139663696,0.03353959321975708,0.34505847096443176,0.5506082773208618,0.1557830572128296,0.68243008852005,0.16769731044769287,0.7805041074752808
275868.013740286,0.8550540804862976,0.6055348515510559,0.7876794934272766,0.958950400352478,0.7680338621139526,0.19266244769096375,0.3169293701648712,0.6283278465270996
275868.024842039,0.6209600567817688,0.13262997567653656,0.4006064236164093,0.10321193188428879,0.37812739610671997,0.08685538917779922,0.0384831428527832,0.9973387718200684
275868.035934586,0.25307226181030273,0.4429416358470917,0.9592173099517822,0.2559277415275574,0.7454047203063965,0.22455939650535583,0.4021337032318115,0.062257926911115646
275868.047182249,0.23459923267364502,0.8025990724563599,0.9098051190376282,0.09745720773935318,0.4864841103553772,0.7394624948501587,0.618022084236145,0.5211819410324097
275868.059269678,0.8066645860671997,0.9098555445671082,0.28297296166419983,0.14629316329956055,0.7497431039810181,0.8757401704788208,0.5620018243789673,0.7542687654495239
275868.071011162,0.10022307932376862,0.6595654487609863,0.5541839599609375,0.257194846868515,0.45308879017829895,0.8401345610618591,0.17698796093463898,0.6138683557510376
275868.082771817,0.5511940121650696,0.2240084409713745,0.01840006373822689,0.4225581884384155,0.0014309714315459132,0.21567948162555695,0.6411608457565308,0.49366432428359985
275868.093113754,0.9955127835273743,0.7840020060539246,0.32003462314605713,0.7187924385070801,0.3010374903678894,0.39578720927238464,0.6147738695144653,0.3485791087150574
275868.105571255,0.7990988492965698,0.4660051167011261,0.7197132706642151,0.5564119219779968,0.8946799635887146,0.96077960729599,0.4838193655014038,0.5295894145965576
275868.117074099,0.24583525955677032,0.863048791885376,0.8364905118942261,0.012127158232033253,0.5696772933006287,0.982217013835907,0.1975959837436676,0.1424371302127838
275868.128898253,0.4207724332809448,0.20876777172088623,0.24997396767139435,0.2985081672668457,0.6803909540176392,0.07761206477880478,0.5988706946372986,0.9063007831573486
275868.139178373,0.12206627428531647,0.6795334219932556,0.539419412612915,0.08130162954330444,0.5759103894233704,0.5863324403762817,0.009119062684476376,0.9086892008781433
275868.150617994,0.030850501731038094,0.9742924571037292,0.1851053535938263,0.18543967604637146,0.653959333896637,0.5902055501937866,0.16486087441444397,0.381517618894577
275868.16202145,0.6753925085067749,0.49744272232055664,0.2883618175983429,0.7455099821090698,0.6670862436294556,0.5909993052482605,0.9548088312149048,0.6553193926811218
275868.173787448,0.43347251415252686,0.541583776473999,0.2971489727497101,0.9179086685180664,0.19814372062683105,0.2846382260322571,0.05927408114075661,0.536228597164154
275868.185053807,0.3627568483352661,0.7079148888587952,0.5170531272888184,0.6556102633476257,0.39692530035972595,0.028809333220124245,0.8014808297157288,0.10513283312320709
